{
  "project_info": {
    "project_number": "524148365919",
    "project_id": "expensetracker-prog",
    "storage_bucket": "expensetracker-prog.firebasestorage.app"
  },
  "client": [
    {
      "client_info": {
        "mobilesdk_app_id": "1:524148365919:android:0820ad374e20784783d9ea",
        "android_client_info": {
          "package_name": "vcmsa.projects.expense_tracker_prog"
        }
      },
      "oauth_client": [],
      "api_key": [
        {
          "current_key": "AIzaSyDeg4GAd2U2GQfK7vics1n0rDar9-BPx08"
        }
      ],
      "services": {
        "appinvite_service": {
          "other_platform_oauth_client": []
        }
      }
    }
  ],
  "configuration_version": "1"
}